"construct","mean","lo","hi"
"bmi",0.955953819813077,0.95178036300122,0.959713279628918
"pa",0.621190900811806,0.528045874610765,0.693146941583634
"fv",0.604509732241638,0.591131762909447,0.617357230145211
