"pooled_r","pooled_spearman_brown","sb_min","sb_max"
0.27265485320303,0.42848200754008,0.407054993502048,0.457294450978252
